file,protein,pep,mw,z_charge,tim,chisq,symb,mz,B,OFF,GW,AMP_U,AMP_L,FRC_CX,PHI_I                                                                                                                        
peaks/S3_0_309.1997_23.582,3 ,IVIERPAK, 927.599, 3,0  , 0.14118E+11,19, 309.200, 0.15157E+04, 0.49528E-02, 0.15997E-02, 0.85466E+01, 0.10696E+02, 0.97121E+00, 0.74929E+00,
peaks/S9_0_371.73265_15.551,9 ,IVINQR, 743.465, 2,0  , 0.17934E+12,19, 371.733, 0.40436E+04, 0.31088E-02, 0.23053E-02, 0.31774E+02, 0.40891E+02, 0.97172E+00, 0.76001E+00,
peaks/S3_0_463.29565_23.582,3 ,IVIERPAK, 926.591, 2,0  , 0.76580E+10,19, 463.296, 0.17841E+04, 0.19867E-01, 0.21764E-02, 0.37929E+01, 0.62306E+01, 0.96447E+00, 0.73868E+00,
peaks/S3_0_718.6837_34.762,3 ,ADIDYNTSEAHTTYGVIGVK,2156.051, 3,0  , 0.50812E+10,19, 718.684, 0.19357E+04, 0.45720E-01, 0.11195E-02, 0.95998E+01, 0.10489E+02, 0.97780E+00, 0.75569E+00,
peaks/S9_0_742.4575_15.551,9 ,IVINQR, 742.457, 1,0  , 0.27517E+10,19, 742.458, 0.12397E+04, 0.86703E-02, 0.39179E-02, 0.73857E+01, 0.88991E+01, 0.97622E+00, 0.75703E+00,
peaks/S3_0_1077.52165_34.762,3 ,ADIDYNTSEAHTTYGVIGVK,2155.043, 2,0  , 0.31058E+09,19,1077.522, 0.76364E+03, 0.47772E-01, 0.13195E-02, 0.31541E+01, 0.32352E+01, 0.97674E+00, 0.75821E+00,
