file,protein,pep,mw,z_charge,tim,chisq,symb,mz,B,OFF,GW,AMP_U,AMP_L,FRC_HX,FRC_CX                                                                                                                       
peaks/S13_0_1002.01875_28.3655,13,ISELSEGQIDTLRDEVAK,2004.037, 2,0  , 0.36962E+08,19,1002.019, 0.15000E+03, 0.96474E-01, 0.14563E-02, 0.11881E+01, 0.67034E+00, 0.95493E+00, 0.97907E+00,
